{
  "total_revenue": 817860.05,
  "total_pizzas_sold": 49574,
  "total_orders": 21350,
  "average_order_value": 38.30726229508197,
  "average_pizzas_per_order": 2.321967213114754
}